season,week,gameday,gametime,away_team,home_team,market_line,spread_line,model_fair_spread,model_margin,edge,abs_edge,model_pick,signal,updated_at
2026,5,2026-10-08,20:15,TB,DAL,DAL -9.5,9.5,TB -0.1,-0.06368986819025357,-9.563689868190254,9.563689868190254,TB +9.5,4+ EDGE,2026-10-09T03:17:40+00:00
2026,5,2026-10-11,13:00,CHI,GB,CHI -1.5,-1.5,CHI -8.4,-8.414219461088361,-6.914219461088361,6.914219461088361,CHI -1.5,4+ EDGE,2026-10-09T03:17:40+00:00
2026,5,2026-10-11,13:00,HOU,TEN,HOU -7.5,-7.5,HOU -2.0,-2.020608902322181,5.479391097677819,5.479391097677819,TEN +7.5,4+ EDGE,2026-10-09T03:17:40+00:00
2026,5,2026-10-11,09:30,PHI,JAX,JAX -7.5,7.5,JAX -12.2,12.193275324391557,4.693275324391557,4.693275324391557,JAX -7.5,4+ EDGE,2026-10-09T03:17:40+00:00
2026,5,2026-10-11,20:20,BAL,ATL,ATL -3,3.0,BAL -1.7,-1.6831385202263625,-4.683138520226363,4.683138520226363,BAL +3,4+ EDGE,2026-10-09T03:17:40+00:00
2026,5,2026-10-11,16:25,DET,ARI,DET -5.5,-5.5,DET -1.5,-1.5360903105582957,3.9639096894417043,3.9639096894417043,ARI +5.5,PASS,2026-10-09T03:17:40+00:00
2026,5,2026-10-11,16:05,DEN,LAC,DEN -3.5,-3.5,LAC -0.2,0.2354970168918411,3.7354970168918413,3.7354970168918413,LAC +3.5,PASS,2026-10-09T03:17:40+00:00
2026,5,2026-10-11,16:25,SF,SEA,SEA -3,3.0,SF -0.1,-0.11357227536792114,-3.113572275367921,3.113572275367921,SF +3,PASS,2026-10-09T03:17:40+00:00
2026,5,2026-10-11,13:00,NYG,WAS,WAS -3.5,3.5,WAS -0.9,0.9148249559835687,-2.5851750440164314,2.5851750440164314,NYG +3.5,PASS,2026-10-09T03:17:40+00:00
2026,5,2026-10-11,13:00,CIN,MIA,CIN -6.5,-6.5,CIN -9.0,-9.040571479241443,-2.540571479241443,2.540571479241443,CIN -6.5,PASS,2026-10-09T03:17:40+00:00
2026,5,2026-10-11,13:00,CLE,NYJ,NYJ -2.5,2.5,NYJ -0.3,0.33780875273943667,-2.162191247260563,2.162191247260563,CLE +2.5,PASS,2026-10-09T03:17:40+00:00
2026,5,2026-10-12,20:15,BUF,LA,LA -3,3.0,LA -1.0,0.9646050182923538,-2.035394981707646,2.035394981707646,BUF +3,PASS,2026-10-09T03:17:40+00:00
2026,5,2026-10-11,13:00,LV,NE,NE -3.5,3.5,NE -4.7,4.676776475012579,1.1767764750125789,1.1767764750125789,NE -3.5,PASS,2026-10-09T03:17:40+00:00
2026,5,2026-10-11,13:00,IND,PIT,PIT -2.5,2.5,PIT -1.5,1.4971197182647467,-1.0028802817352533,1.0028802817352533,IND +2.5,PASS,2026-10-09T03:17:40+00:00
2026,5,2026-10-11,13:00,MIN,NO,MIN -2.5,-2.5,MIN -2.0,-2.019715028909482,0.48028497109051793,0.48028497109051793,NO +2.5,PASS,2026-10-09T03:17:40+00:00
